path,start,end,label,0,1,2
/project/graziul/data/Zone1/2018_08_12/201808120932-28710-27730.mp3,00.02.21.252,00.02.31.279,1,1.2730636622026996e-19,1.0,3.323780049036332e-16
/project/graziul/data/Zone1/2018_08_12/201808120932-28710-27730.mp3,00.02.38.109,00.02.39.417,1,2.5265024643725786e-19,1.0,7.03070062868657e-16
/project/graziul/data/Zone1/2018_08_12/201808120932-28710-27730.mp3,00.02.48.327,00.02.49.235,1,1.417790930337128e-19,1.0,1.1066035469624205e-15
/project/graziul/data/Zone1/2018_08_12/201808120932-28710-27730.mp3,00.02.55.330,00.02.57.437,1,5.678612999752435e-20,1.0,1.2410964971186424e-16
/project/graziul/data/Zone1/2018_08_12/201808120932-28710-27730.mp3,00.03.04.003,00.03.09.017,1,4.9154238548683334e-20,1.0,1.2665215145194603e-16
/project/graziul/data/Zone1/2018_08_12/201808120932-28710-27730.mp3,00.03.09.435,00.03.11.542,1,8.318024196021824e-20,1.0,1.5664770569658894e-16
/project/graziul/data/Zone1/2018_08_12/201808120932-28710-27730.mp3,00.03.12.169,00.03.14.330,1,1.7752310534108058e-19,1.0,5.744883438930861e-16
/project/graziul/data/Zone1/2018_08_12/201808120932-28710-27730.mp3,00.03.51.787,00.03.55.020,1,1.0768881510364311e-19,1.0,2.6113938413577394e-16
